experiment,learning_rate,batch_size,epoch,train_loss,train_accuracy,val_loss,val_accuracy
1,0.0001,4,1,0.742783226464924,0.47368421052631576,0.2905500531196594,0.875
1,0.0001,4,2,0.358098314780938,0.868421052631579,0.15306171402335167,1.0
1,0.0001,4,3,0.19754585545313985,0.9210526315789473,0.10456023225560784,1.0
1,0.0001,4,4,0.1471938334993626,0.9736842105263158,0.02443409152328968,1.0
1,0.0001,4,5,0.35493469355921997,0.7894736842105263,0.023641832172870636,1.0
1,0.0001,4,6,0.1559581285538642,0.9473684210526315,0.010208660503849387,1.0
1,0.0001,4,7,0.3688099484425038,0.8421052631578947,0.08644378476310521,1.0
1,0.0001,4,8,0.09067089416968979,0.9736842105263158,0.15714567271061242,0.875
1,0.0001,4,9,0.3134799885906671,0.9210526315789473,0.051801873254589736,1.0
1,0.0001,4,10,0.4131022519186923,0.8157894736842105,0.0697207385674119,1.0
2,0.0001,8,1,0.691082648540798,0.5789473684210527,0.4107137620449066,0.75
2,0.0001,8,2,0.2696138432151393,0.8947368421052632,0.21304558217525482,0.875
2,0.0001,8,3,0.11135790849986829,0.9736842105263158,0.10905779898166656,1.0
2,0.0001,8,4,0.09856350210152175,0.9736842105263158,0.03523220866918564,1.0
2,0.0001,8,5,0.11435647191185701,0.9736842105263158,0.008773148991167545,1.0
2,0.0001,8,6,0.01577024024568106,1.0,0.0030673088040202856,1.0
2,0.0001,8,7,0.17671869170704954,0.9210526315789473,0.004204561468213797,1.0
2,0.0001,8,8,0.013059136604792193,1.0,0.0058619314804673195,1.0
2,0.0001,8,9,0.29960570425579425,0.8421052631578947,0.004270948003977537,1.0
2,0.0001,8,10,0.07751805119608578,1.0,0.003813638584688306,1.0
3,0.0003,4,1,0.8779833787365964,0.5526315789473685,0.5854545086622238,0.625
3,0.0003,4,2,0.28901496652121605,0.868421052631579,1.8211878183064982,0.625
3,0.0003,4,3,0.24216376301391343,0.868421052631579,0.012409144779667258,1.0
3,0.0003,4,4,0.3794554691565664,0.8157894736842105,0.0031735331867821515,1.0
3,0.0003,4,5,0.5007670834464463,0.8421052631578947,0.03244027282926254,1.0
3,0.0003,4,6,0.15871854155863585,0.9473684210526315,0.006247125333175063,1.0
3,0.0003,4,7,0.4326450524753646,0.8157894736842105,0.08734365785494447,1.0
3,0.0003,4,8,0.12478602305054665,1.0,0.06313455477356911,1.0
3,0.0003,4,9,0.15513369313588268,0.8947368421052632,0.014626069169025868,1.0
3,0.0003,4,10,0.2274776457465793,0.8947368421052632,0.0016216198564507067,1.0
4,0.0003,8,1,0.6650974687777067,0.631578947368421,0.17426779866218567,0.875
4,0.0003,8,2,0.10727852151582115,1.0,0.3545716404914856,0.75
4,0.0003,8,3,0.019608190846874526,1.0,0.12142982333898544,0.875
4,0.0003,8,4,0.07123842972673868,0.9473684210526315,0.09145849943161011,1.0
4,0.0003,8,5,0.14935383629544,0.9210526315789473,0.1988450437784195,0.875
4,0.0003,8,6,0.034603819839264215,1.0,0.5263506174087524,0.875
4,0.0003,8,7,0.6075585325689692,0.9210526315789473,1.063143014907837,0.75
4,0.0003,8,8,0.14201914597498744,0.9473684210526315,2.304415702819824,0.625
4,0.0003,8,9,0.4484979565206327,0.8947368421052632,0.8473973870277405,0.75
4,0.0003,8,10,0.4448008350047626,0.868421052631579,0.048907358199357986,1.0
